TRACT,GEOID,TOTPOP,WHT_PCT,HOUSVCNY_PCT,SQMILES,OI_ALLCOMP-LEV,OI_EDCOMP-LEV,OI_HECOMP-LEV,OI_NBCOMP-LEV,OI_ALLCOMP,OI_EDCOMP,OI_HECOMP,OI_NBCOMP,CNPY_MEAN,CNPY_STD,CNPY_VRTY,CNPY_MED,IMPSRF_MEAN,IMPSRF_STD,IMPSRF_VRTY,IMPSRF_MED
83.80,39049008380,5417,0.758353332,5.82278481,4.47622545,Low,Low,Low,Very Low,-0.335798,-0.411261,-0.098583,-0.49755,14.44520388,16.97926569,91,8,25.33936055,30.73329441,101,7
83.70,39049008370,7384,0.889490791,5.95358224,2.60432729,Moderate,Low,Moderate,Moderate,-0.085509,-0.300625,0.088792,-0.044694,16.27711004,16.94352578,90,11,29.2715753,24.41798186,100,27
83.60,39049008360,6366,0.813540685,5.497022446,1.62911808,Low,Low,Low,Low,-0.245654,-0.424421,-0.17897,-0.133572,19.08146726,18.81236485,91,12,28.18651302,20.64838342,98,29
83.50,39049008350,6684,0.514362657,6.993006993,1.74216019,Low,Low,Moderate,Very Low,-0.311806,-0.461009,0.029028,-0.503438,28.96853216,26.1900011,95,18,26.02271369,27.89100627,101,17
83.40,39049008340,5988,0.757181029,8.394495413,3.32742218,Low,Low,Moderate,Low,-0.294607,-0.492982,-0.062693,-0.328146,13.38127544,15.47514244,85,8,40.49331523,28.61183401,101,39
71.14,39049007114,4823,0.649388348,8.509755085,1.63626891,Very High,Very High,Very High,High,0.505272,0.683514,0.604652,0.227652,17.73370142,18.05565863,91,12,49.09320594,28.84562499,101,50
95.20,39049009520,4308,0.868152275,6.455469217,2.45993393,Low,Low,Low,Very Low,-0.338934,-0.345428,-0.246662,-0.424714,10.28121469,11.58332074,75,6,38.53453878,30.5076401,101,37
94.30,39049009430,7328,0.611626638,5.546330123,4.76991716,Low,Low,High,Very Low,-0.210355,-0.359769,0.15907,-0.430366,21.57935756,24.31955149,93,12,21.45883724,27.39811274,101,6
93.61,39049009361,4770,0.512997904,8.189977562,2.43835647,High,Moderate,High,Very High,0.161501,-0.172726,0.185397,0.471832,30.34255167,23.9830299,93,22,25.93365604,26.8893452,101,19
83.30,39049008330,1744,0.92603211,9.796437659,0.60902028,Low,Low,Low,Very Low,-0.301284,-0.373304,-0.095647,-0.434902,23.42303307,19.94062037,87,17,36.48256146,24.88800205,101,37
83.22,39049008322,4536,0.828483245,10.1488498,0.64807067,Low,Very Low,Moderate,Low,-0.357285,-0.90155,-0.027218,-0.143086,12.29459025,9.202884185,55,10,42.28885316,16.96932022,94,45
83.21,39049008321,2299,0.800347977,8.61423221,0.42592505,Low,Very Low,Low,Moderate,-0.328172,-0.93335,-0.12749,0.076324,10.99592502,6.910239478,42,9,43.39886271,13.25287267,89,45
83.12,39049008312,4805,0.617065557,12.52465483,0.58711648,Very Low,Very Low,Low,Very Low,-0.679011,-0.968429,-0.296342,-0.772264,9.576763485,6.669779367,43,8,44.26777251,17.03201207,98,46
83.11,39049008311,4857,0.608812024,7.457627119,0.96164585,Very Low,Very Low,Low,Very Low,-0.62867,-0.985444,-0.075078,-0.825488,12.48157514,13.59074963,81,8,44.17419588,26.88830339,100,47
82.42,39049008242,6425,0.769027237,5.939177102,2.12013345,Moderate,Moderate,Very Low,Very High,-0.005691,-0.115746,-0.38321,0.481884,22.5746636,21.22971832,93,15,31.71414522,24.86068532,101,29
93.50,39049009350,2700,0.432962963,9.145880574,0.69857731,Moderate,Low,High,High,0.007891,-0.4631,0.256337,0.230436,36.25471698,26.64798975,92,27,27.72758964,27.65528407,101,21
93.40,39049009340,2816,0.518821023,11.927982,0.60563804,Moderate,Low,Moderate,High,-0.065767,-0.455661,-0.002453,0.260814,15.8093318,12.88449862,66,14,51.13448276,28.9212817,101,47
93.37,39049009337,3857,0.151672284,12.30585424,1.14602845,Very Low,Very Low,Low,Very Low,-0.538116,-0.746058,-0.239933,-0.628356,14.27427184,13.25203843,83,11,34.7301732,29.51264423,101,34
93.36,39049009336,2738,0.42184076,4.404145078,0.67848591,Moderate,Low,Low,High,-0.122622,-0.436551,-0.221375,0.29006,28.45100051,28.09103952,91,15,33.89110429,30.43641168,101,35
93.34,39049009334,2810,0.140213523,12.39078634,0.56945097,Very Low,Very Low,Low,Very Low,-0.619693,-0.64243,-0.206637,-1.010012,18.04138771,10.51414679,65,16,40.64150943,20.62799581,100,44
93.33,39049009333,2059,0.170471102,6.913827655,0.3030785,Very Low,Very Low,Moderate,Very Low,-0.538874,-0.650566,-0.047885,-0.91817,14.36342857,6.578791006,36,13,47.64833906,16.48669289,93,49
93.32,39049009332,3100,0.175483871,6.225165563,0.74298675,Low,Low,Low,Moderate,-0.127525,-0.186004,-0.214368,0.017796,16.72757009,10.41189501,65,15,41.22622951,19.16690809,100,44
93.31,39049009331,803,0.149439601,47.46008708,0.22344562,Very Low,Very Low,Very Low,Very Low,-0.742827,-0.80457,-0.989897,-0.434014,12.46383648,12.17031703,60,9,56.81603774,29.32204283,92,58
93.25,39049009325,4598,0.185515441,12.72574549,2.0235764,Low,Very Low,Low,Low,-0.369736,-0.792743,-0.137022,-0.179444,17.17296462,20.82787925,91,9,47.09181397,34.68973979,101,50
93.23,39049009323,3232,0.224319307,15.55706522,0.42705131,Very Low,Very Low,Low,Very Low,-0.676124,-0.84823,-0.293455,-0.886688,15.9007323,9.14621707,57,15,46.06747967,20.97899451,100,47
82.41,39049008241,2772,0.702380952,5.134474328,1.69653988,Very Low,Very Low,Low,Low,-0.520096,-1.041719,-0.145887,-0.372684,20.07873693,20.88098501,93,13,35.60627178,31.44870814,101,33
82.30,39049008230,1745,0.424068768,49.5412844,0.43133495,Very Low,Very Low,Very Low,Moderate,-0.566015,-0.53506,-1.150825,-0.01216,8.334138486,11.89846783,60,4,63.33037157,25.39548059,98,66
82.10,39049008210,2210,0.73438914,11.38888889,2.88614931,Very Low,Low,Low,Very Low,-0.385119,-0.452661,-0.168037,-0.53466,6.654484251,9.095912933,72,4,62.51455376,29.89214583,100,70
81.61,39049008161,7166,0.767234161,6.861120318,6.85036458,Low,Low,Moderate,Low,-0.191938,-0.380231,-0.04992,-0.145662,7.473756276,13.1407169,92,3,17.21130832,27.73077654,101,0
81.20,39049008120,3789,0.778833465,9.673444239,0.77809207,Low,Low,Moderate,Moderate,-0.139881,-0.395137,-0.029247,0.004742,13.60446429,14.13991872,83,9,43.17589286,22.6346043,98,44
73.95,39049007395,11281,0.643559968,7.712565839,3.22712613,High,High,Moderate,Very High,0.348999,0.536417,-0.062492,0.57307,18.15621633,22.94526028,93,8,36.72554933,31.69271405,101,34
73.96,39049007396,9839,0.688078057,6.012658228,6.7824983,Moderate,High,Very Low,Moderate,0.045943,0.380424,-0.459263,0.21667,25.38405203,28.41578391,94,12,14.78402746,23.03755924,101,1
11.22,39049001122,3159,0.671731561,10.496614,2.40592989,High,High,High,Moderate,0.191972,0.275254,0.280208,0.020454,9.768641618,13.27317798,89,6,43.66522116,33.83890088,101,43
19.01,39049001901,2031,0.836533727,7.266435986,0.68937603,Very High,Moderate,High,Very High,0.441317,0.074695,0.27853,0.970726,8.534743202,7.477260012,51,6,73.3024785,23.5520401,99,79
19.02,39049001902,3410,0.900879765,7.950116913,0.41748649,High,Moderate,Moderate,Very High,0.264171,0.103765,0.026425,0.662324,11.30267559,6.446359025,40,10,62.36120401,20.3516732,94,59
81.63,39049008163,3518,0.580727686,6.246016571,0.35641161,Low,Low,Moderate,Low,-0.190014,-0.441945,0.081887,-0.209984,15.64244186,15.33359857,76,11,39.69853659,22.81445515,98,41
81.64,39049008164,4008,0.681137725,14.20895522,0.50131909,Low,Low,Low,Moderate,-0.131385,-0.33177,-0.221618,0.159234,14.88263889,14.59754465,75,10,36.22468793,19.04289634,87,39
62.36,39049006236,5979,0.895467469,2.386872203,2.60097338,Very High,Very High,Very High,Very High,0.788835,1.273743,0.369952,0.72281,32.26685393,23.56622848,92,25,20.57479261,18.4235712,90,16
63.96,39049006396,4289,0.809279552,6.091596265,3.28751938,Very High,High,Very High,Very High,0.436736,0.216675,0.4545,0.639034,11.90841872,18.77370084,92,4,24.53803025,30.82056253,101,6
63.94,39049006394,2750,0.862545455,2.485659656,0.39549771,High,Very High,Moderate,Very High,0.384707,0.646463,0.006675,0.500984,12.47677476,7.807423294,46,11,37.11052632,16.28491051,70,40
93.22,39049009322,3205,0.391263651,11.13416321,0.58222401,Very Low,Very Low,Low,Low,-0.389431,-0.757791,-0.12092,-0.289582,19.46706231,14.60387782,86,16,42.79845422,18.14652799,95,46
93.21,39049009321,2164,0.410813309,8.096740273,0.38627678,Very Low,Very Low,Low,Low,-0.389919,-0.840724,-0.078178,-0.250856,18.51079137,15.47154125,78,14,42.41314131,20.38962003,90,46
79.52,39049007952,7428,0.923128702,4.220779221,3.25874596,High,Very High,Low,Very High,0.363758,0.672959,-0.073868,0.492184,24.64920516,20.17951175,92,18,33.52454642,25.73803015,101,30
79.51,39049007951,8386,0.886119723,4.945818283,2.30501519,Very High,Very High,Moderate,Very High,0.437618,0.688211,0.102962,0.521682,26.05128979,21.87904931,90,18,26.37731586,21.18209386,96,23
79.31,39049007931,4175,0.894610778,3.73088685,1.62225417,High,High,Moderate,High,0.252269,0.461014,0.068912,0.226882,15.44523044,15.96621739,87,10,36.03659319,25.58557408,101,37
78.30,39049007830,2719,0.791467451,6.458443621,0.43442877,High,Moderate,Moderate,Very High,0.192964,-0.071627,0.087092,0.563428,10.00322321,9.104549301,54,7,67.94368463,22.64124448,93,69
78.20,39049007820,4095,0.528693529,5.018083183,0.83795684,High,Moderate,Very High,High,0.339402,0.179268,0.412975,0.425964,13.78232135,13.88196366,79,9,44.71469979,32.5454702,101,47
78.12,39049007812,4094,0.883488031,9.286047597,1.6779889,Very High,High,Very High,High,0.537894,0.533884,0.643587,0.436212,21.85359288,20.67367922,92,15,42.39290898,29.79357566,101,43
78.11,39049007811,3461,0.89222768,5.243243243,0.82229549,Very High,High,Very High,Very High,0.607148,0.327791,0.99733,0.496324,22.66568297,14.80431502,87,20,37.92914382,19.30723533,100,41
69.50,39049006950,2744,0.951895044,5.904334828,1.71720096,Very High,Moderate,Very High,Very High,0.478617,0.145541,0.556493,0.733816,33.42160631,24.73697923,93,25,26.21237864,25.28162172,100,18
66,39049006600,3903,0.95874968,6.393244873,0.84746287,Very High,Very High,High,Very High,0.718919,0.911851,0.242283,1.002622,24.11271082,13.85369159,82,22,38.39055441,18.76106746,100,39
63.93,39049006393,5239,0.835464783,2.737680438,0.91244214,Very High,Very High,Very High,High,0.555231,0.957395,0.331443,0.376856,19.99695817,16.47706063,91,16,33.72042602,19.92620002,93,37
70.44,39049007044,5614,0.720342002,7.526080477,0.867057,Very High,High,Moderate,Very High,0.426769,0.416034,0.003813,0.86046,20.16800321,19.69248965,90,13,41.15264423,25.21493219,101,46
70.43,39049007043,4047,0.766740796,6.259097525,1.00646477,Very High,High,Very High,Very High,0.504964,0.363947,0.368073,0.782872,14.05868139,15.37102996,83,9,52.47602622,28.5351407,100,55
70.41,39049007041,2062,0.870029098,8.250497018,1.50054013,Very High,High,High,Very High,0.552904,0.52061,0.317157,0.820946,49.37257169,33.81489987,95,45,16.54747568,25.23733462,101,1
70.48,39049007048,5672,0.767454161,4.024640657,1.1212401,High,High,Very High,High,0.368578,0.346564,0.351593,0.407576,10.10421836,10.20231118,76,8,44.28598015,26.19365231,101,46
70.47,39049007047,3727,0.764153475,5.322966507,0.90992166,High,Moderate,High,Very High,0.350408,0.092802,0.32189,0.636532,11.85015291,12.8414416,82,8,47.16271963,29.41212054,101,48
71.98,39049007198,2812,0.81116643,5.228215768,0.59512398,Very High,High,Very High,Very High,0.44625,0.42711,0.334383,0.577258,21.72027972,19.53989605,92,16,39.48948598,25.03585992,101,43
72.02,39049007202,2915,0.582847341,13.2940406,1.54344288,High,Moderate,High,Very High,0.293398,-0.005636,0.278825,0.607006,29.39009009,27.41328821,94,17,24.88513514,29.23542764,101,9
71.99,39049007199,5271,0.682982356,5.229860818,1.37095562,High,Moderate,Very High,Very High,0.271901,-0.10574,0.386378,0.535064,24.88973384,25.48146788,93,15,37.16949582,30.52202521,101,38
72.10,39049007210,8200,0.882682927,6.981382979,9.33330507,Very High,Very High,High,Very High,0.636698,1.097943,0.298125,0.514026,24.75698428,26.90907856,94,13,10.96279052,19.25628528,101,1
72.09,39049007209,5706,0.770066597,10.00719942,2.23325174,Very High,Very High,Very High,Very High,0.599308,0.628294,0.49231,0.67732,17.24906658,22.72100286,92,8,25.29668792,29.19561189,101,12
93.12,39049009312,2996,0.302736983,19.84334204,0.61863701,Very Low,Very Low,Low,Low,-0.463879,-0.951485,-0.134435,-0.305716,19.83473862,15.62304357,80,16,33.40191119,23.36165831,99,36
93.11,39049009311,2879,0.395276138,11.32930514,0.65628049,Low,Very Low,Moderate,Moderate,-0.148255,-0.60487,0.103932,0.056174,30.0736619,25.73202534,93,20,30.88794477,24.84583754,100,35
92.50,39049009250,1889,0.727368978,8.787128713,0.44722501,Low,Low,Moderate,Very Low,-0.326783,-0.314879,-0.009965,-0.655506,13.31488698,8.4337215,52,12,53.05827506,20.91126458,99,50
92.40,39049009240,1919,0.820739969,8.383233533,0.31978702,Very Low,Very Low,Moderate,Very Low,-0.444053,-0.573431,-0.00216,-0.756568,13.47033441,6.565324736,38,13,47.18804348,15.58435909,93,48
92.30,39049009230,4429,0.592007225,15.58935361,0.712003,Low,Low,Low,Low,-0.251195,-0.419459,-0.250405,-0.083722,15.79268293,10.96257247,62,14,46.89824732,23.09385336,100,46
92.20,39049009220,2372,0.720067454,10.67518248,0.7722557,Low,Very Low,Low,High,-0.138785,-0.66409,-0.178353,0.426088,23.69590643,18.33744811,82,19,38.76205498,29.96717722,101,39
92.10,39049009210,4713,0.396138341,20.19933555,2.4632827,Moderate,Low,Moderate,High,-0.045238,-0.411049,0.04203,0.233306,11.43801186,17.12966682,89,5,53.55055069,34.6329085,101,59
91,39049009100,4737,0.907536415,5.061927841,0.80723691,Very High,Very High,Low,Very High,0.578673,1.082983,-0.116618,0.769654,26.02409639,12.91316575,73,23,43,15.82657955,100,42
90,39049009000,3257,0.922321154,10.35226456,1.03163291,Very High,Very High,Moderate,Very High,0.722322,1.234761,0.021753,0.91045,36.2782638,17.24495826,91,32,30.01886157,19.72842686,99,30
89,39049008900,5063,0.869444993,7.919687674,0.6117894,Very High,Very High,High,High,0.475516,0.884974,0.113583,0.427992,19.62884835,12.1102259,74,19,47.7981756,18.94950011,100,49
65,39049006500,3646,0.969007131,5.091937765,0.94762477,Very High,Very High,Very High,Very High,0.755444,0.895644,0.511692,0.858998,24.06352683,13.33286253,78,22,29.32051282,20.70734993,100,33
64.30,39049006430,4459,0.888540031,7.473309609,1.00208995,Very High,Very High,Very High,Very High,0.809257,0.914779,0.640425,0.872568,18.59756944,13.85969605,81,16,44.67371706,23.15609133,100,43
64.10,39049006410,2666,0.940735184,7.313317937,0.87114974,Very High,Very High,Very High,Very High,0.559827,0.688966,0.498112,0.492402,35.09411294,20.29566087,90,28,26.8856,19.03944623,90,28
63.92,39049006392,4386,0.890332877,2.523474178,1.60651855,Very High,High,High,Very High,0.487494,0.521625,0.116115,0.824742,29.09325526,23.27175271,94,21,31.83878657,23.89933773,101,34
63.91,39049006391,4770,0.892872117,5.172413793,2.54568096,Very High,Very High,Moderate,Very High,0.539668,0.891458,0.083268,0.644278,30.28347423,25.07282455,93,22,21.07531723,23.08388313,101,11
63.87,39049006387,5527,0.81436584,6.610664719,1.51006025,Very High,Very High,Very High,Very High,0.536003,0.549866,0.400937,0.657206,23.34637514,19.03270582,91,18,28.48208544,24.96162927,101,26
72.07,39049007207,4173,0.834172058,7.8994614,2.95242524,High,Moderate,High,Very High,0.218645,-0.14209,0.138232,0.659794,23.88987044,27.76950397,93,11,16.08503121,24.82151718,101,0
72.05,39049007205,3710,0.861725067,12.75510204,2.09421669,High,Low,Very High,Very High,0.274113,-0.183524,0.38247,0.623394,12.7913836,18.68750719,91,6,25.69119841,30.67077523,101,8
72.01,39049007201,613,0.941272431,4.06504065,3.71117221,High,Very High,High,High,0.388312,0.56097,0.143017,0.460948,22.68364862,29.12643892,95,8,1.975554931,8.503731061,82,0
73.94,39049007394,2806,0.894155381,4.980842912,6.90572436,High,Very High,Moderate,Very High,0.393076,0.716662,-0.011282,0.473846,38.15774379,31.2693619,95,28,4.55170506,11.60164629,98,0
74.94,39049007494,4341,0.778852799,2.916930881,1.11658569,High,High,Very High,High,0.354488,0.193052,0.48358,0.38683,14.99751166,15.20309353,88,11,39.50357698,27.75946287,101,39
75.51,39049007551,8138,0.133939543,6.676096181,1.10862785,Low,Very Low,High,High,-0.189207,-1.00676,0.167098,0.27204,13.83312461,16.30775998,91,8,35.05799373,25.26099668,101,35
106.02,39049010602,6239,0.879307581,3.775883069,1.39584109,High,Very High,Moderate,High,0.365031,0.601524,0.09476,0.39881,9.998506348,10.54678861,77,7,34.15940224,21.91694945,99,36
88.25,39049008825,6296,0.873888183,5.400843882,1.69519357,Moderate,Low,Moderate,Low,-0.122093,-0.195988,0.03632,-0.20661,10.92576687,10.6940923,77,8,28.78840639,23.35626339,99,32
88.22,39049008822,4016,0.69248008,9.460946095,2.27573917,Very Low,Very Low,Low,Very Low,-0.433394,-0.583732,-0.145965,-0.570484,13.88281131,15.93950134,88,8,29.35815874,31.98323366,101,17
88.21,39049008821,2695,0.942857143,8.126036484,1.87468508,Very Low,Very Low,Very Low,Low,-0.487374,-0.914015,-0.457325,-0.090782,15.0798296,18.20026375,85,8,37.68771995,33.73474835,101,41
88.13,39049008813,2326,0.131986242,7.575757576,0.7635803,Very Low,Very Low,Very Low,Very Low,-0.969847,-1.006806,-0.429712,-1.473024,10.15192744,9.234071394,59,8,55.06122449,26.57298796,100,51
88.12,39049008812,3034,0.275214239,9.377289377,3.31198215,Very Low,Very Low,High,Very Low,-0.515084,-1.124916,0.113823,-0.534158,14.53534718,18.28431837,90,8,44.13143816,33.69848024,101,43
88.11,39049008811,1873,0.844634277,11.57232704,2.01781657,Very Low,Very Low,Very Low,Very Low,-0.636444,-0.703932,-0.367977,-0.837422,12.45847004,13.63183523,79,8,44.7034994,34.84809803,101,42
87.30,39049008730,1761,0.30834753,56.81415929,1.84660593,Very Low,Very Low,Very Low,Low,-0.985161,-1.230436,-1.445432,-0.279616,13.77244495,18.02081678,90,7,53.88932806,31.85930073,101,56
87.20,39049008720,3459,0.362821625,13.56932153,1.09918354,Very Low,Very Low,Very Low,Low,-0.654162,-1.167599,-0.430898,-0.36399,11.30649762,10.92838838,73,9,55.21761166,27.9963203,101,54
87.10,39049008710,2691,0.1393534,12.07609595,0.60809579,Very Low,Very Low,Very Low,Low,-0.617892,-1.249065,-0.33881,-0.2658,15.29549344,12.01622155,67,13,43.10514286,25.94830745,101,46
63.86,39049006386,3702,0.756888169,8.225616921,1.6810323,Very High,Very High,Very High,Very High,0.654442,0.934824,0.410633,0.617868,11.84679089,12.47374572,86,8,52.79577465,30.43361252,101,54
63.72,39049006372,5738,0.713837574,7.65973826,0.89155262,High,High,Very High,High,0.398618,0.27857,0.479847,0.437436,18.47598594,15.21344651,79,15,44.20344288,24.30360434,101,46
63.71,39049006371,6472,0.749690977,5.822518415,1.46989381,Very High,Very High,Very High,High,0.62832,0.788161,0.65882,0.43798,23.79617383,19.40539773,90,18,37.20769412,27.45352126,101,38
63.53,39049006353,4462,0.732855222,6.985871272,0.6759383,High,Moderate,Very High,Very High,0.376163,0.150624,0.39712,0.580746,15.03416149,10.76296814,66,13,50.14418605,23.95012876,100,51
63.52,39049006352,2985,0.663316583,7.579859231,0.31795705,High,High,Very High,High,0.35497,0.252924,0.384125,0.427862,9.937024973,5.833776696,34,9,60.42145179,19.77383103,93,61
63.51,39049006351,3789,0.85669042,4.500775996,0.88674105,High,High,Very High,Very High,0.414827,0.20482,0.46856,0.571102,20.07707355,17.43106046,88,15,39.16862285,23.28840681,101,41
63.40,39049006340,3105,0.864090177,4.808414726,1.30627669,Very High,Very High,Very High,Very High,0.787473,1.163984,0.458633,0.739802,31.62140575,22.81037051,94,24,30.10900853,25.45823336,101,29
79.54,39049007954,7659,0.713278496,9.014675052,3.10671899,Moderate,High,Very Low,High,0.061503,0.201751,-0.333915,0.316674,8.207965097,12.71225164,89,4,53.19548452,30.42661367,101,55
79.53,39049007953,6569,0.825239763,4.244604317,2.01195151,Moderate,Low,High,High,0.061039,-0.407421,0.180915,0.409624,11.39882495,15.74149383,89,6,17.09583837,21.57167621,87,0
106.01,39049010601,4644,0.846899225,2.127659574,1.45050414,High,High,Moderate,Very High,0.340361,0.516191,-0.039208,0.5441,8.960239521,11.71341827,79,5,23.66251795,21.89854402,88,19
94.97,39049009497,1625,0.951384615,6.647398844,15.96508666,Moderate,Low,High,Moderate,-0.018724,-0.31374,0.117345,0.140222,13.02643833,22.17832643,95,3,3.434390913,12.43333504,101,0
94.95,39049009495,4843,0.709271113,7.498741822,7.8087202,Low,Low,Very Low,Moderate,-0.273617,-0.467754,-0.349962,-0.003136,22.08243201,27.01983114,93,8,23.06177675,30.35406769,101,4
77.40,39049007740,1653,0.822141561,9.417989418,0.67922569,Moderate,Low,Low,High,-0.003022,-0.39479,-0.073353,0.459076,24.41191446,18.55093941,84,19,29.66990291,24.46194376,100,30
77.30,39049007730,2925,0.59965812,6.193353474,0.55954335,Low,Very Low,Moderate,Moderate,-0.17226,-0.745331,0.100103,0.128448,12.8136646,7.919474361,50,12,49.99070632,19.49484189,99,49
77.22,39049007722,3210,0.624610592,18.81812966,0.6920658,Low,Very Low,Low,Low,-0.263741,-0.556342,-0.132503,-0.102378,19.29016064,14.17564599,81,16,39.44801607,22.47320375,101,41
77.21,39049007721,5155,0.346459748,22.39525399,0.83618444,Low,Very Low,Low,Low,-0.320076,-0.578965,-0.192527,-0.188736,11.67081777,11.11926287,68,10,57.73929314,27.43380267,100,55
77.10,39049007710,4236,0.50802644,9.00621118,0.78586694,Low,Low,Moderate,Low,-0.163967,-0.381095,-0.017372,-0.093434,10.99823009,8.898045746,59,10,57.28325232,25.27775388,100,52
75.34,39049007534,3671,0.180059929,6.826434277,0.89885251,Very Low,Very Low,Moderate,Very Low,-0.446588,-0.675262,0.01587,-0.68037,27.20736434,27.44138263,94,15,30.76179428,31.87308835,101,23
75.33,39049007533,1569,0.161886552,11.47540984,0.83319486,Low,Very Low,Low,Low,-0.31342,-0.584198,-0.112348,-0.243714,37.63344454,29.96136515,93,25,15.77439533,22.62963718,98,2
75.32,39049007532,2080,0.122596154,16.61375661,0.33328912,Very Low,Very Low,Low,Low,-0.503623,-1.003824,-0.241287,-0.26576,26.44246862,24.72496908,89,16,32.28154327,30.61343601,101,30
63.30,39049006330,4716,0.923876166,4.437178888,1.15757925,Very High,Very High,Very High,Very High,0.640843,0.816616,0.487305,0.618608,24.08263221,14.28267042,80,21,33.04019196,19.36969146,100,36
63.23,39049006323,3318,0.896323086,6.135357369,0.92454424,Very High,Very High,Very High,Very High,0.789872,1.024912,0.550098,0.794606,24.01123596,13.77159405,78,21,39.09473684,17.66954525,99,40
63.21,39049006321,4086,0.908467939,4.811594203,1.68833223,Very High,Very High,Very High,Very High,0.742654,0.768842,0.802987,0.656134,19.15349794,13.53160825,78,17,28.19215767,22.47862253,101,30
63.10,39049006310,4439,0.937148006,3.816371681,1.67944988,Very High,Very High,High,Very High,0.584681,0.795356,0.194123,0.764562,31.46834919,18.86573457,92,26,26.52609776,17.75594998,93,29
62.20,39049006220,6527,0.846177417,5.801844689,3.77193157,Very High,Very High,Very High,Very High,0.720271,1.102671,0.40676,0.651382,18.77703076,18.4354354,93,13,38.06831154,27.89543584,100,37
51,39049005100,1928,0.423755187,11.56716418,1.63448668,Very Low,Very Low,Moderate,Very Low,-0.882783,-1.134603,-0.014713,-1.499032,15.15522007,19.5857519,89,7,34.54599533,31.41078663,101,21
50,39049005000,5205,0.780019212,28.12742813,0.8210389,Very Low,Low,Very Low,Very Low,-0.463719,-0.384926,-0.41473,-0.591502,9.715981348,7.53028948,54,8,59.75813953,19.64928928,98,57
73.93,39049007393,8742,0.848776024,3.746556474,3.84938671,Very High,Very High,Very High,Very High,0.541653,0.632584,0.394867,0.597508,31.60088432,27.88927321,94,20,19.68385407,22.59494081,101,9
11.21,39049001121,7300,0.857945205,10.1010101,0.34907686,Moderate,Low,Moderate,Low,-0.124122,-0.254066,0.04436,-0.16266,8.60199005,7.610466478,44,6,67.2440239,23.80254126,98,71
63.95,39049006395,3673,0.748706779,7.430791646,0.71672761,Very High,High,Very High,Very High,0.506895,0.521655,0.374037,0.624994,10.59776807,9.900660139,66,8,44.33639884,28.56131804,100,47
107,39049010700,1299,0.817551963,10.63596491,0.54137261,Moderate,Low,Moderate,High,-0.01171,-0.396601,0.034833,0.326638,27.04061896,28.55400215,94,15,27.25353017,30.02077646,101,11
105,39049010500,7953,0.817175908,4.75734355,3.2772657,Very High,Very High,Very High,High,0.883966,1.584818,0.640512,0.42657,15.40439304,16.19568714,92,10,35.29925847,25.27155397,101,34
99,39049009900,1499,0.455637091,13.28740157,1.132208,High,Moderate,High,Very High,0.235418,0.08384,0.128157,0.494256,6.358502149,7.508768549,62,4,59.56297885,33.21124914,101,67
75.31,39049007531,2496,0.345753205,17.81512605,0.74216704,Moderate,Low,Moderate,Low,-0.117301,-0.287169,0.015073,-0.079808,21.73743542,23.26194321,94,13,41.44845361,32.95685907,101,41
75.20,39049007520,3321,0.230653418,13.64341085,0.99173474,Very Low,Moderate,Low,Very Low,-0.524097,-0.163304,-0.248148,-1.160838,34.69152661,29.6144532,94,21,24.27199439,24.09645104,98,18
75.12,39049007512,4053,0.087095978,8.452312964,0.76791763,Very Low,Very Low,Low,Very Low,-0.624947,-0.88146,-0.14665,-0.84673,22.3983703,18.52806021,89,17,32.80444646,20.65799104,94,36
75.11,39049007511,1851,0.087520259,11.13989637,0.66233379,Very Low,High,Very Low,Very Low,-0.4121,0.199144,-0.359198,-1.076246,11.27897221,12.51821089,69,7,47.08381351,29.15356093,100,48
9800,39049980000,2,1,0,4.39074093,Very Low,Very Low,Very High,Very Low,-0.912902,-0.677529,0.466703,-2.527882,8.760307035,16.52125555,92,2,46.83080089,37.37100241,101,48
71.13,39049007113,4918,0.563643758,4.057661506,1.04206185,Moderate,Moderate,High,Moderate,0.09174,0.008939,0.250677,0.015606,18.60093271,21.05232779,91,11,39.69923308,28.33708818,101,42
71.12,39049007112,5431,0.527158903,5.994291151,1.5404211,High,Moderate,High,Moderate,0.194123,0.137249,0.29603,0.14909,21.72924188,20.2109648,91,15,28.98285585,25.08038373,101,27
49,39049004900,5651,0.686958061,19.04942966,0.94010512,Low,Moderate,Very Low,Low,-0.212553,-0.077985,-0.302475,-0.257198,13.88285292,12.79943447,82,10,43.86605166,20.24913443,100,46
48.20,39049004820,2589,0.702201622,15.61954625,0.32671401,Very Low,Very Low,Very Low,Very Low,-0.613002,-0.865436,-0.343002,-0.630568,11.85,7.991607965,47,10,47.41382979,13.98692475,91,47
48.10,39049004810,2891,0.80975441,10.90468498,0.30501332,Low,Very Low,Low,Low,-0.368388,-0.654608,-0.184867,-0.26569,11.54721274,6.452750353,38,10,51.33257143,10.61471871,69,51
47,39049004700,4971,0.542546771,25.71297148,0.51249401,Very Low,Very Low,Very Low,Very Low,-0.905541,-0.916471,-0.607112,-1.19304,14.25,7.811554291,46,13,50.27001357,13.35484135,85,49
46.20,39049004620,2659,0.718691237,20.07233273,0.2856301,Very Low,Very Low,Very Low,Very Low,-0.921951,-0.877231,-0.428697,-1.459926,12.57926829,7.596842056,41,12,52.90499391,16.55289346,96,51
46.10,39049004610,3368,0.875296912,6.032338308,0.57556659,Low,Very Low,Moderate,Low,-0.334331,-0.818635,-0.047697,-0.136662,15.74018127,9.486969214,64,14,44.55743652,17.27475606,97,46
45,39049004500,5154,0.779782693,17.10213777,0.98340884,Very Low,Very Low,Low,Very Low,-0.498009,-0.61813,-0.233093,-0.642804,16.45441696,16.13649398,86,12,41.85507246,24.96799351,100,46
43,39049004300,5613,0.811330839,11.50442478,2.47475711,Moderate,Low,High,High,0.053419,-0.289135,0.164408,0.284984,14.85878558,14.51899175,84,11,42.81512134,31.98051888,101,45
100,39049010000,5388,0.806421678,7.582769669,4.9532435,High,Very High,Very High,Moderate,0.404792,0.739244,0.36344,0.111692,37.21262715,33.14681956,95,24,9.501157651,19.79319734,101,0
102,39049010200,15920,0.583479899,11.52073733,10.69826566,High,Very High,Moderate,Moderate,0.255049,0.689227,-0.0193,0.09522,9.386622052,15.57917004,93,4,14.33415641,24.14967367,101,0
103,39049010300,2801,0.778293467,12.91913215,7.57269136,Very Low,Very Low,Very Low,Low,-0.397766,-0.538885,-0.577572,-0.07684,7.503074523,16.24053123,93,2,27.74217244,35.45432273,101,5
101,39049010100,1020,0.403921569,25.06775068,2.54463341,Moderate,Low,Low,High,-0.038347,-0.339643,-0.165665,0.390266,16.47193773,20.93848564,92,7,40.15940445,36.10738241,101,33
69.33,39049006933,5257,0.274681377,13.6927851,0.58407399,Low,Low,Moderate,Low,-0.150007,-0.350218,0.084422,-0.184226,9.082738095,7.692973735,53,7,62.78418549,25.35147297,100,63
69.32,39049006932,5996,0.421447632,4.749894914,0.98822267,High,High,High,Low,0.200311,0.34731,0.318388,-0.064764,15.68739024,11.08170913,78,14,39.74638957,18.04740539,97,43
69.31,39049006931,6249,0.423907825,6.884747052,0.78065298,Moderate,High,High,Low,0.13451,0.190793,0.322132,-0.109394,10.98617922,7.585111409,50,10,55.23490231,23.2754448,100,54
69.24,39049006924,3677,0.537122654,10.91492777,0.63749387,Moderate,Low,High,High,0.03481,-0.408154,0.201988,0.310596,11.46212534,8.191778882,51,10,53.87792916,22.23607124,100,52
69.23,39049006923,3281,0.629990856,8.514986376,0.70496421,High,Moderate,Very High,High,0.280828,-0.142588,0.705473,0.279598,17.13103448,18.128593,88,12,45.35207101,23.26119401,101,47
69.21,39049006921,3431,0.664820752,19.33045356,1.03103484,Moderate,Very Low,High,High,-0.02491,-0.775354,0.315635,0.38499,15.60390047,13.80356711,79,12,48.16969697,29.87763187,101,49
69.10,39049006910,1530,0.946405229,4.915514593,0.69281975,Very High,Very High,High,Very High,0.50591,0.60966,0.198012,0.710058,35.07858942,23.04615608,92,29,24.55929648,21.15516382,97,23
68.22,39049006822,1876,0.935501066,3.995901639,0.44454145,High,Moderate,Very High,Very High,0.264339,-0.154613,0.336347,0.611284,27.22083007,19.05886126,84,22,36.26630008,20.60588016,98,39
42,39049004200,1370,0.367153285,8.974358974,0.53674366,Very Low,Low,High,Very Low,-0.801995,-0.439852,0.124845,-2.090978,8.549677419,9.967808665,58,5,58.23658694,30.89029538,99,64
98,39049009800,6745,0.965752409,6.252312246,42.21967821,Moderate,Low,High,Low,-0.05574,-0.214464,0.202467,-0.155224,20.62102058,29.66150732,96,4,1.866243611,7.700623257,100,0
97.51,39049009751,5032,0.940580286,5.079191699,10.56949691,High,High,High,High,0.358556,0.508354,0.309512,0.257804,7.298600158,14.4451713,93,2,9.390684067,20.11519186,101,0
97.12,39049009712,2523,0.954419342,4.80349345,0.45677761,High,High,Moderate,Moderate,0.141827,0.345186,0.057353,0.022942,13.77411945,10.40674939,59,11,43.96648896,14.89482103,95,45
97.11,39049009711,4352,0.920955882,6.185002737,0.75198067,Low,Moderate,Moderate,Low,-0.126657,-0.07905,-0.019245,-0.281676,14.22953082,9.888022177,58,13,42.98243993,18.38504441,99,43
96,39049009600,4169,0.773326937,6.820622986,2.4792732,Low,Low,Low,Very Low,-0.328798,-0.297773,-0.073698,-0.614924,12.28687605,14.00553258,84,7,42.33524958,29.6516403,101,40
81.62,39049008162,9125,0.796054795,7.135105806,13.91782666,Low,Low,High,Moderate,-0.134882,-0.512784,0.120955,-0.012816,11.6695624,22.48161973,96,3,5.110431439,14.18536824,100,0
68.21,39049006821,3327,0.729486023,14.1674333,0.5710827,Moderate,Moderate,Moderate,High,0.077104,-0.14396,0.086743,0.28853,27.5992714,23.97660668,91,19,40.5904936,30.92520918,101,41
68.10,39049006810,2140,0.960280374,3.054989817,0.68389198,Very High,Very High,High,Very High,0.50403,0.62919,0.28598,0.59692,39.45610494,24.03551947,90,30,25.13309717,22.59064059,96,24
67.22,39049006722,2828,0.893564356,5.833333333,1.49439645,Very High,Very High,Very High,Very High,0.661354,0.815595,0.594902,0.573564,17.14405399,17.60623416,89,11,51.66348615,29.22042492,100,51
67.21,39049006721,3390,0.949557522,2.614379085,1.11827366,Very High,Very High,Very High,Very High,0.742583,0.932222,0.501577,0.79395,26.63179137,19.15366466,88,22,38.36583851,25.62012894,101,40
67.10,39049006710,2666,0.912228057,5.24691358,0.67274643,Very High,Very High,Moderate,Very High,0.611162,0.929597,0.099083,0.804806,30.76086957,19.5734472,89,25,35.62957239,22.01000501,100,37
61,39049006100,2398,0.766889074,28.64701436,0.40740457,Very Low,Very Low,Very Low,Very Low,-1.024815,-0.811987,-0.81093,-1.451528,9.228353141,8.252775065,47,7,68.1109215,19.20705351,83,67
81.42,39049008142,6806,0.746106377,6.932838131,3.15736151,Moderate,Low,High,High,0.121926,-0.301411,0.297257,0.369934,9.217123363,11.29145391,84,5,43.23307277,29.51106877,101,42
81.41,39049008141,7575,0.852805281,5.357142857,3.26938343,Moderate,Moderate,High,Low,0.001467,-0.123318,0.18575,-0.058032,9.280123365,12.94831451,92,5,18.28989362,23.38789248,101,3
81.32,39049008132,6619,0.720501586,9.931630083,1.02632821,Moderate,Low,Moderate,Moderate,-0.083618,-0.286194,0.016355,0.018986,9.750339213,9.367121287,68,7,40.60595802,22.58498833,101,42
81.10,39049008110,3973,0.823055625,12.45098039,0.80369257,Low,Low,Low,Moderate,-0.24552,-0.46159,-0.262725,-0.012244,16.82797567,13.2097606,78,15,43.57272727,21.62265208,99,42
80,39049008000,5410,0.93844732,2.092511013,22.53842176,High,High,High,Moderate,0.177087,0.192066,0.213042,0.126152,11.47431232,21.896596,94,3,2.438263041,9.802637385,100,0
79.41,39049007941,2588,0.831530139,6.809184481,3.00095097,High,High,Low,Very High,0.293088,0.411541,-0.23561,0.703332,17.62601156,20.50791232,93,10,30.09251969,29.49522276,101,23
60,39049006000,2345,0.503624733,19.00097943,0.37393361,Very Low,Very Low,Very Low,Very Low,-0.832489,-1.192568,-0.44747,-0.85743,6.317254174,4.849066918,25,5,70.26159555,21.10808456,89,70
59,39049005900,2546,0.23487824,22.7827502,0.30146118,Very Low,Very Low,Very Low,Very Low,-0.898812,-1.413259,-0.458507,-0.82467,13.24855491,6.975395296,41,11,53.63636364,15.17239221,94,55
58.20,39049005820,2230,0.884753363,13.02521008,0.2943445,Very Low,Very Low,Very Low,Low,-0.513934,-0.880304,-0.327237,-0.334262,9.092198582,6.066496034,36,7,66.11018957,16.56577985,83,66
58.10,39049005810,2548,0.9144427,9.6,0.37490433,Low,Very Low,Moderate,High,-0.171766,-0.760771,0.013935,0.231538,14.15009208,10.92315933,59,12,61.5843318,22.50291397,92,65
57,39049005700,3629,0.907688068,9.075268817,0.88018399,High,Moderate,High,Very High,0.332574,-0.131958,0.316978,0.8127,13.46972695,12.87367367,69,10,56.65320665,30.87048141,101,65
56.20,39049005620,2542,0.621557828,21.95526098,0.28007998,Very Low,Very Low,Low,Very Low,-0.692437,-0.947034,-0.181657,-0.948622,9.149938042,4.753510083,27,9,62.45771144,15.86681047,83,61
56.10,39049005610,1784,0.321188341,31.26903553,0.24408696,Very Low,Very Low,Low,Very Low,-0.726823,-0.851893,-0.29606,-1.032518,11.4683908,5.828155082,33,11,62.74964438,16.38373137,77,61
55,39049005500,4228,0.080179754,28.35628227,0.57171569,Very Low,Very Low,Very Low,Very Low,-0.831299,-0.9053,-0.379515,-1.209082,13.8879467,8.974365206,65,12,52.16250761,17.86715723,98,53
54.20,39049005420,2151,0.082287308,28.31010453,0.36409775,Very Low,Very Low,Very Low,Very Low,-0.758597,-1.237421,-0.309093,-0.729276,14.51477598,7.921686574,49,13,56.42215855,17.13638215,95,56
54.10,39049005410,1362,0.067547724,35.79545455,0.39296357,Very Low,Very Low,Very Low,Very Low,-1.374102,-1.115394,-0.475162,-2.531752,16.50220264,13.62692801,74,13,54.58075905,22.71022921,98,54
53,39049005300,3054,0.220694172,32.4775353,0.56557481,Very Low,Low,Low,Very Low,-0.500927,-0.390625,-0.288515,-0.823642,11.53690037,7.40583718,47,11,60.01411043,21.34310244,99,60
79.33,39049007933,7626,0.892735379,2.574808629,2.14000205,High,High,Moderate,Moderate,0.219274,0.425195,0.07003,0.162596,9.88347939,9.937195985,69,7,48.08817798,25.13617062,100,46
79.22,39049007922,4101,0.904413558,5.750605327,3.07300603,Very High,Very High,High,High,0.435906,0.690634,0.179892,0.437194,9.097062147,13.24551997,91,4,32.54513575,29.13612922,101,28
79.21,39049007921,7719,0.854514834,4.384672071,3.84555579,High,Very High,Moderate,Moderate,0.26554,0.652399,0.065857,0.078366,7.744469526,11.63590167,87,4,21.49502892,24.30676918,101,11
63.84,39049006384,6194,0.812076203,6.220095694,0.94985035,Very High,Very High,High,Very High,0.503837,0.741585,0.294842,0.475084,13.26886447,9.558546288,63,11,40.6207402,23.16827466,100,42
63.83,39049006383,8813,0.791104051,6.541809549,3.51002389,Very High,Very High,Very High,High,0.630752,1.051711,0.432062,0.408482,27.62110573,26.25724527,94,17,26.31114628,27.66459743,101,15
62.30,39049006230,13127,0.708920545,8.512688725,11.82552085,Very High,Very High,Very High,Very High,0.567147,0.749514,0.384727,0.5672,7.736526594,13.9738155,93,3,17.84271479,26.40508394,101,0
75.50,39049007550,2871,0.30163706,5.113077679,2.37286462,Very Low,Very Low,Low,Very Low,-0.482965,-0.693576,-0.195582,-0.559738,28.21256392,28.73831892,93,15,28.90534016,31.7305678,101,16
52,39049005200,2584,0.895897833,11.67227834,0.33924031,Very High,High,Very High,Very High,0.544003,0.304471,0.398088,0.92945,8.646341463,6.596602879,42,6,76.65545362,15.80924591,64,77
40,39049004000,2941,0.645358722,15.12539185,0.9108744,Very High,Very High,High,Very High,0.453635,0.644816,0.214362,0.501726,6.92791411,6.665842327,55,5,78.13091603,25.62054352,101,88
38,39049003800,1896,0.500527426,21.95121951,0.28101063,Very Low,Very Low,Low,Very Low,-0.479014,-0.814044,-0.1632,-0.459798,11.84662577,5.484817664,31,11,65.50372208,17.20535323,83,65
37,39049003700,3303,0.294580684,21.0419828,0.82299569,Low,Very Low,Moderate,Low,-0.340179,-0.69133,-0.049212,-0.279996,18.97545493,14.02948012,74,16,43.91311683,25.43557373,101,46
36,39049003600,1442,0.167128988,27.63295099,0.26631906,Low,Low,Very Low,Low,-0.334978,-0.263607,-0.362173,-0.379152,11.44183007,6.839204693,36,10,61.56062581,18.78260072,89,61
32,39049003200,2147,0.8388449,11.75675676,0.63121701,High,Moderate,High,Very High,0.364546,-0.012061,0.296115,0.809584,8.749862259,8.088369961,54,6,65.78119846,26.99219969,99,70
30,39049003000,3105,0.670531401,13.02982732,1.59518983,High,Very High,High,High,0.405197,0.593425,0.298985,0.32318,5.940230385,5.444002009,47,5,77.16024385,22.50396612,101,84
29,39049002900,2368,0.040962838,39.20056101,0.31942893,Very Low,Very Low,Very Low,Very Low,-1.089363,-0.793094,-0.65775,-1.817246,7.631236443,5.735929724,27,6,53.9423913,23.46495877,100,55
70.20,39049007020,6372,0.92341494,4.310344828,1.71574753,Very High,Very High,Very High,High,0.655323,0.789678,0.779255,0.397038,19.1322548,15.03933169,88,16,37.07511642,23.28342032,101,38
71.15,39049007115,5380,0.451115242,8.719135802,0.68912587,Moderate,Moderate,Very High,Low,0.073834,-0.041568,0.458692,-0.195622,17.15925177,16.75051628,85,12,48.59150657,27.04405963,101,50
71.20,39049007120,5117,0.804768419,7.164948454,1.31736496,Very High,Very High,Very High,Moderate,0.584612,0.591492,0.991392,0.170952,19.60100343,20.97989101,93,13,39.97895291,26.39131543,101,42
71.32,39049007132,7422,0.75397467,7.311062432,2.28922135,Very High,High,Very High,High,0.459651,0.341269,0.584273,0.45341,40.74548216,34.23724328,95,24,22.4088079,27.57608785,101,4
71.93,39049007193,6316,0.91608613,2.36,1.75626025,Very High,Very High,Very High,Very High,0.729499,0.831204,0.82396,0.533332,22.60934099,18.62141091,89,17,30.76092545,21.41885256,101,32
71.94,39049007194,6417,0.886551348,3.903903904,1.89824824,Very High,Very High,Very High,High,0.715641,0.957472,0.81409,0.37536,25.12525179,24.76981496,93,16,32.46876717,25.25661456,101,33
28,39049002800,2629,0.105363256,27.54786905,0.44062739,Very Low,Very Low,Very Low,Very Low,-0.619383,-0.610927,-0.436708,-0.810514,10.73015873,6.980486064,40,10,55.61599367,20.16622838,99,56
27.80,39049002780,2423,0.59389187,5.100334448,0.68358692,Moderate,Moderate,Low,High,0.000052,-0.10039,-0.200852,0.301398,24.54162437,16.15309194,88,20,37.37677485,22.13327527,101,39
27.70,39049002770,1995,0.271177945,15.55772994,0.36116659,Very Low,Very Low,Low,Very Low,-0.742402,-0.952724,-0.262215,-1.012266,14.99807507,10.11864155,57,14,46.89241114,23.90876732,99,46
27.60,39049002760,3066,0.562948467,12.11441391,0.50021164,Low,Low,Low,Moderate,-0.193664,-0.39408,-0.25224,0.065328,16.36860304,8.943287374,52,15,48.60776161,17.92561811,100,47
27.50,39049002750,2349,0.29544487,14.53541858,0.37330377,Very Low,Very Low,Low,Very Low,-0.664392,-1.134157,-0.29543,-0.563588,15.74299065,9.822743132,58,14,47.65668849,20.59446293,99,48
27.40,39049002740,2316,0.751727116,8.479262673,0.5440048,Low,Very Low,Very Low,Moderate,-0.236029,-0.562052,-0.343925,0.197892,26.15591054,12.48876704,62,23,38.04408946,16.40244581,96,39
27.30,39049002730,2104,0.271387833,17.86355476,0.36595549,Very Low,Very Low,Very Low,Very Low,-0.67871,-0.934221,-0.493453,-0.608456,12.7667611,11.29973593,54,11,58.29839471,25.69869188,100,53
27.10,39049002710,1858,0.228202368,16.08695652,0.32802981,Very Low,Very Low,Very Low,Low,-0.52678,-0.895118,-0.410593,-0.274628,11.77176221,8.981221792,48,10,46.77989418,23.61481505,100,46
26,39049002600,4028,0.237835154,16.19097042,1.39149494,Very Low,Very Low,Low,Very Low,-0.668258,-0.939052,-0.23031,-0.835412,14.90032557,17.33165481,89,10,46.8145927,32.14555861,101,48
25.20,39049002520,2648,0.173716012,18.96766169,0.61638521,Very Low,Very Low,Very Low,Moderate,-0.381534,-0.892898,-0.360305,0.108602,20.97072072,17.09434073,84,17,44.9001692,25.65662592,101,47
69.42,39049006942,1167,0.548414739,4.448398577,0.13929214,Moderate,Low,High,Very High,0.049181,-0.507923,0.181065,0.4744,16.99259259,16.55346577,61,12,49.305,25.70704135,96,48
69.43,39049006943,4489,0.603029628,5.639913232,0.7179473,Moderate,Low,Very High,Low,-0.006954,-0.327744,0.38879,-0.081908,13.56410256,8.300193119,56,12,48.31976744,19.4130809,100,48
69.44,39049006944,4112,0.70963035,4.124263524,0.98754286,High,Moderate,Very High,High,0.247324,0.035007,0.383262,0.323702,21.78102962,19.39489249,93,16,39.18095238,24.68210708,101,42
69.45,39049006945,5353,0.378479357,11.20377085,0.75997001,Moderate,Moderate,Very High,Low,0.087636,-0.021931,0.371858,-0.087018,10.30695334,9.089396271,63,8,46.8913242,26.4069326,99,51
69.90,39049006990,6376,0.729140527,7.681564246,2.96366789,Very High,Very High,Very High,Very High,0.599513,0.717439,0.534308,0.546792,35.33954743,32.52653826,95,19,21.38959212,27.20882803,101,4
74.24,39049007424,5470,0.764351005,5.96112311,1.69590988,High,High,High,High,0.372918,0.538715,0.226353,0.353686,22.76530821,19.49241751,91,16,33.36734276,25.34900563,101,35
25.10,39049002510,2856,0.130602241,13.69356033,1.91257454,Low,Low,Very Low,Low,-0.286686,-0.358776,-0.353025,-0.148258,14.86447153,16.48113475,91,10,42.55640327,30.1974331,101,43
23,39049002300,1453,0.113558156,31.98090692,0.99349827,Very Low,Very Low,Very Low,Very Low,-0.851658,-0.706556,-0.488568,-1.359848,8.513607816,9.269854671,63,6,63.52848654,26.09907004,100,65
22,39049002200,1851,0.786061588,8.721422523,0.26976491,Moderate,Moderate,High,Moderate,0.054747,-0.147249,0.116453,0.195036,8.55136541,6.679571273,34,6,72.95714286,19.67454634,79,74
21,39049002100,1808,0.911504425,5.296442688,0.20271827,High,Low,Very High,Very High,0.403293,-0.218889,0.461362,0.967406,13.79137931,10.37169199,49,12,58.48287671,26.88884491,96,64
20,39049002000,3252,0.872386224,6.535600425,0.26856031,High,Low,Very High,Very High,0.230672,-0.3423,0.350317,0.684,14.18499353,7.410923891,44,13,63.88745149,14.08986168,74,63
18.20,39049001820,2598,0.842186297,11.21311475,0.33742955,High,Moderate,Moderate,Very High,0.30656,0.122024,0.022427,0.77523,12.43402062,8.711662838,49,11,67.17010309,19.51977409,90,65
18.10,39049001810,4434,0.717410916,5.489994869,0.152515,Moderate,Very Low,Moderate,Moderate,-0.089723,-0.543389,0.069967,0.204254,8.920993228,6.284854912,29,6,74.34537246,13.23908964,56,74
17,39049001700,2704,0.616863905,13.1010453,0.19812556,Low,Low,Low,Moderate,-0.198443,-0.507816,-0.104662,0.01715,7.606326889,4.881336578,26,6,73.93368237,17.09012554,74,76
74.92,39049007492,5738,0.798361799,3.275934481,2.46433644,Very High,Very High,Very High,Very High,0.706427,1.030905,0.56498,0.523396,29.19602593,25.56192695,93,19,23.60050747,26.04013795,101,13
93.26,39049009326,1747,0.304522038,11.21121121,0.31106399,Low,Very Low,Moderate,Moderate,-0.20783,-0.671241,-0.0347,0.082452,37.59865471,26.00250761,86,34,24.75167785,30.66417786,96,1
93.62,39049009362,6436,0.732131759,6.398910824,1.60966705,Moderate,Low,Moderate,Moderate,0.025901,-0.18716,0.09808,0.166782,20.12321968,15.22633614,86,17,34.62251941,22.83853464,101,35
93.71,39049009371,5528,0.348408104,10.37957676,1.33800251,Moderate,High,Moderate,Moderate,0.104085,0.20967,0.053157,0.049428,18.67778936,17.68433195,90,13,39.16857738,30.53065473,101,40
93.72,39049009372,4306,0.359498374,7.121836374,0.88519887,Low,Very Low,Very High,Very Low,-0.338823,-0.726715,0.329893,-0.619648,18.99254024,16.30855381,87,15,37.12392157,22.17117755,101,41
93.73,39049009373,5773,0.293781396,10.06928406,1.22858708,Very Low,Low,Moderate,Very Low,-0.422438,-0.330124,-0.014243,-0.922948,15.62857143,16.71232015,87,10,26.98275375,24.0673705,99,28
93.74,39049009374,8056,0.441285998,8.57538036,2.5274533,Moderate,Moderate,High,Low,-0.037645,-0.161997,0.233382,-0.184318,10.11952191,12.10533301,88,6,50.73673357,31.20945507,101,51
16,39049001600,1682,0.283590963,27.5974026,0.18925754,Very Low,Very Low,Very Low,Very Low,-0.597437,-0.541491,-0.501508,-0.749312,8.391143911,6.012759724,30,8,68.72794118,17.14298301,71,66
15,39049001500,2031,0.048744461,16.32420091,0.50662032,Very Low,Very Low,Very Low,Very Low,-0.931319,-0.718125,-0.434982,-1.64085,10.04112406,11.3388078,65,7,58.99245024,23.45598423,100,60
14,39049001400,1543,0.140635126,28.03129074,0.71611546,Very Low,Low,Very Low,Very Low,-0.597708,-0.321528,-0.632758,-0.838838,7.372149442,7.343104559,50,5,71.95191841,20.58114208,92,74
13,39049001300,6583,0.860397995,6.218274112,0.26410175,Very Low,Very Low,Moderate,Low,-0.416151,-1.146723,-0.039445,-0.062286,11.05526316,6.137854818,36,10,69.10686016,14.70888771,66,68
12,39049001200,4822,0.897552883,4.257703081,0.25914733,Low,Very Low,Moderate,Moderate,-0.329186,-1.019079,-0.010395,0.041916,17.55555556,15.31614387,69,13,59.60053619,22.66136535,94,61
11.10,39049001110,3688,0.809924078,3.711340206,0.20643678,Moderate,Moderate,High,High,0.099864,-0.172821,0.189457,0.282958,17.8487395,18.54526085,72,12,51.76806723,29.31131061,95,56
10,39049001000,5830,0.896054889,6.114398422,0.34509794,High,Moderate,Moderate,Very High,0.145981,-0.004551,-0.030025,0.47252,16.36746988,8.657558507,54,15,59.28385155,14.03880101,79,58
9.20,39049000920,2069,0.208313195,26.44003777,0.35351147,Very Low,Low,Very Low,Very Low,-0.706645,-0.368175,-0.650707,-1.101052,15.75171737,8.546483446,48,14,50.27815867,21.01109736,100,49
9.10,39049000910,3409,0.236726313,20.58449809,0.49668853,Very Low,Very Low,Very Low,Very Low,-0.806768,-0.823476,-0.510398,-1.08643,14.80451658,7.560942758,47,14,47.24895397,16.10530469,96,48
8.20,39049000820,3121,0.479333547,14.87979207,0.55904125,Very Low,Very Low,Very Low,Very Low,-0.58605,-0.786822,-0.301858,-0.669468,17.78358209,12.83691928,74,16,49.38781852,21.2270276,101,49
3.10,39049000310,3147,0.678423896,11.27482383,0.71583456,Moderate,Moderate,Moderate,Low,-0.112872,-0.039012,-0.06715,-0.232454,14.7423283,12.0001764,74,12,49.78442822,23.50778203,100,50
2.20,39049000220,3727,0.948752348,2.376708259,0.75108444,Very High,High,Very High,Very High,0.574154,0.540453,0.47108,0.71093,25.26875288,16.93199968,90,23,46.51433858,22.93220971,101,45
2.10,39049000210,2935,0.944804089,3.948264125,0.66188961,High,High,High,Very High,0.377906,0.300645,0.238615,0.594458,37.98894737,25.63298418,93,27,31.49212185,21.98373494,98,35
1.20,39049000120,3162,0.953826692,3.341740227,1.11188318,Very High,High,Very High,Very High,0.432938,0.419879,0.326722,0.552214,29.66499687,21.41242702,91,23,32.76148796,24.08510372,101,35
94.10,39049009410,2874,0.651009047,6.018518519,0.49844213,Low,Very Low,High,Very Low,-0.370436,-0.807139,0.244313,-0.548482,15.31542219,12.19295408,69,14,37.05080028,20.45048149,94,40
94.20,39049009420,5793,0.712238909,13.54679803,1.58245205,Low,Low,Moderate,Very Low,-0.241874,-0.208909,-0.008108,-0.508604,23.31702501,21.49475123,92,16,27.24565648,24.23124884,100,29
95.90,39049009590,4732,0.910819949,6.738809641,18.38047539,Moderate,Low,Moderate,Low,-0.121613,-0.328954,0.091778,-0.127664,13.63074916,19.83923573,93,5,13.20986278,25.85629824,101,0
94.40,39049009440,4385,0.843329532,9.734042553,3.48903082,Low,Low,Low,Moderate,-0.208731,-0.51226,-0.19513,0.081196,11.33446249,16.76450836,92,5,17.78852475,24.41697092,101,3
8.10,39049000810,2540,0.63976378,9.965034965,0.38390513,Low,Very Low,Low,Low,-0.323012,-0.666409,-0.218798,-0.083828,16.79014599,9.00079749,49,16,44.36832579,15.22397167,87,46
7.30,39049000730,3090,0.057928803,28.65497076,0.40266651,Very Low,Moderate,Very Low,Very Low,-0.561019,-0.034964,-0.852475,-0.795618,13.05584192,6.198420863,37,12,54.59741379,12.66678361,73,52
7.20,39049000720,2384,0.249161074,19.05579399,0.84454717,Very Low,Very Low,Very Low,Very Low,-0.603826,-0.749278,-0.377102,-0.685098,8.281713344,7.6126712,49,6,55.43392343,24.76965637,100,52
7.10,39049000710,3102,0.640554481,13.44086022,0.50583738,Very Low,Very Low,Low,Very Low,-0.599135,-0.828,-0.298028,-0.671376,13.44436906,7.575756621,50,12,51.36714976,18.83037274,99,50
6,39049000600,3780,0.861111111,9.600389864,0.37894268,Moderate,Low,High,High,0.084456,-0.339789,0.140432,0.452724,19.45387454,18.16805248,81,13,56.30904059,22.53892638,90,58
5,39049000500,4057,0.864924821,4.225352113,0.48781233,High,Moderate,High,Very High,0.356263,0.120254,0.320245,0.62829,23.62464589,19.22155494,90,18,47.50921986,24.76227943,101,52
4.20,39049000420,3139,0.935648296,4.868913858,0.56615056,High,High,High,Very High,0.388254,0.198584,0.277877,0.688302,29.09661538,21.52050659,90,22,42.07357449,23.63202956,100,45
4.10,39049000410,2419,0.918974783,6.369915579,0.29901945,Very High,High,High,Very High,0.450737,0.332637,0.277018,0.742556,22.13372093,14.23815796,74,20,45.83833718,22.0284135,97,49
3.30,39049000330,2314,0.701382887,10.71115013,0.30727265,Very Low,Very Low,Low,Very Low,-0.467668,-0.618955,-0.09149,-0.692558,15.64172336,7.249738801,43,15,46.07579186,13.96585696,83,48
3.20,39049000320,2390,0.80460251,5.263157895,0.49254671,Low,Very Low,Moderate,Moderate,-0.215147,-0.721626,0.044838,0.031348,18.40338505,11.11813928,66,16,38.84344147,18.78385038,93,42
1.10,39049000110,3344,0.962021531,5.338470006,0.75792551,High,High,High,Very High,0.38074,0.263002,0.29298,0.586236,26.88165138,19.15139425,89,21,38.34832492,21.43655186,100,41
97.52,39049009752,6124,0.881450033,4.735883424,3.14861143,High,Moderate,High,High,0.137431,-0.064645,0.20143,0.275508,7.955032593,11.6026101,89,4,18.85029279,22.61255902,99,7
97.40,39049009740,13583,0.941397335,5.180767797,15.48797563,High,High,Very High,High,0.368241,0.339711,0.524538,0.240472,16.900781,23.32792954,95,6,13.11946863,23.22927618,101,0
97.20,39049009720,6810,0.907342144,5.102362205,2.75615764,Moderate,High,Low,Moderate,0.069018,0.204225,-0.084683,0.087512,14.5681302,17.62799596,93,8,43.33039203,29.49782021,101,43
85,39049008500,4280,0.943925234,4.917234664,1.22109293,Very High,High,Very High,Very High,0.666842,0.474661,0.604995,0.92087,13.22206426,16.29460757,92,9,60.13287905,27.73140118,101,60
84,39049008400,2962,0.948683322,6.597938144,0.86279634,Very High,Very High,High,Very High,0.58763,0.753598,0.201182,0.808112,23.44144869,16.97130648,88,20,45.87454765,25.24102438,101,46
74.25,39049007425,2867,0.83850715,4.048234281,0.97309133,High,High,Moderate,High,0.25948,0.364891,0.027922,0.385628,22.90987124,18.62036289,87,17,29.77623126,24.42569978,100,30
74.27,39049007427,6030,0.773466003,4.16487763,2.80200385,High,Very High,Moderate,Very High,0.410979,0.677828,0.087475,0.467634,21.27341521,23.92374944,93,12,35.38876488,30.35698691,101,34
74.26,39049007426,2823,0.894438541,5.648854962,1.08093635,High,High,High,High,0.395354,0.504587,0.296012,0.385462,30.24758842,21.87432209,91,22,30.28474903,26.28025006,101,30
70.10,39049007010,3802,0.792740663,4.219030521,1.09972616,Very High,Very High,Very High,Moderate,0.553628,0.779549,0.798783,0.082552,26.43537201,23.45539723,92,18,32.64012638,29.11979454,101,31
